ledger	136470
ledger	74425
ledger	31909
ledger	19488
ledger	56623
ledger	29441
ledger	21789
ledger	26884
ledger	24985
ledger	25319
ledger	21777
ledger	20886
ledger	20633
ledger	29790
ledger	75566
ledger	41981
ledger	26554
ledger	34319
ledger	17218
ledger	23189
ledger	24341
ledger	24778
ledger	26173
ledger	28564
ledger	31783
ledger	23649
ledger	25910
ledger	20187
ledger	42225
ledger	22451
ledger	54249
ledger	22212
ledger	22785
ledger	29522
ledger	26423
ledger	30990
ledger	19153
ledger	21409
ledger	24326
ledger	24893
ledger	31865
ledger	26163
ledger	31197
ledger	18421
ledger	22265
ledger	32088
ledger	29571
ledger	23256
ledger	16352
ledger	22011
ledger	15299
ledger	17411
ledger	17445
ledger	28952
ledger	20926
ledger	15329
ledger	18002
ledger	18703
ledger	20551
ledger	22245
ledger	17344
ledger	39025
ledger	17515
ledger	21976
ledger	31052
ledger	52509
ledger	15804
ledger	21475
ledger	17780
ledger	17520
ledger	17429
ledger	16256
ledger	22350
ledger	18714
ledger	12227
ledger	18689
ledger	13675
ledger	20448
ledger	17896
ledger	18043
ledger	27212
ledger	16998
ledger	21280
ledger	20394
ledger	22790
ledger	17359
ledger	20913
ledger	17223
ledger	22858
ledger	18952
ledger	17530
ledger	19676
ledger	28648
ledger	27104
ledger	49696
ledger	64338
ledger	14516
ledger	63756
ledger	66484
ledger	79511
recon	135784
recon	74638
recon	63935
recon	32621
recon	19263
recon	60031
recon	28813
recon	21998
recon	26215
recon	24297
recon	26081
recon	21112
recon	20979
recon	20461
recon	32029
recon	77926
recon	47833
recon	26472
recon	34062
recon	17524
recon	67221
recon	23160
recon	24419
recon	24928
recon	28535
recon	28721
recon	32479
recon	24731
recon	24968
recon	19860
recon	41598
recon	23430
recon	46259
recon	22882
recon	22909
recon	30335
recon	26157
recon	33337
recon	18538
recon	24861
recon	27232
recon	25055
recon	31065
recon	26955
recon	32136
recon	87934
recon	18883
recon	22311
recon	38365
recon	29669
recon	23595
recon	16198
recon	22961
recon	15077
recon	17287
recon	17360
recon	30576
recon	20053
recon	15684
recon	18819
recon	19514
recon	21264
recon	23439
recon	17188
recon	38386
recon	17584
recon	22826
recon	31296
recon	52678
recon	14364
recon	23584
recon	17835
recon	17451
recon	17875
recon	16044
recon	22534
recon	18563
recon	12334
recon	18922
recon	13861
recon	20093
recon	18395
recon	17977
recon	27336
recon	17665
recon	20853
recon	20199
recon	23072
recon	16908
recon	18352
recon	17116
recon	22551
recon	19948
recon	17484
recon	19598
recon	28863
recon	28764
recon	50674
recon	64636
recon	14510
