t,pg_inflight,hikari_active,hikari_pending,heap_bytes,platform_threads,rss_kb
1790516896,0.0,0.0,0.0,189463192,32.0,566832
1790516897,6.0,0.0,0.0,168771120,33.0,627888
1790516898,18.0,0.0,0.0,189742640,42.0,630880
1790516899,28.0,0.0,0.0,214908464,54.0,636688
1790516900,30.0,6.0,0.0,120187520,65.0,642976
1790516901,30.0,2.0,0.0,162130560,65.0,638304
1790516902,30.0,1.0,0.0,208267904,65.0,641856
1790516903,30.0,1.0,0.0,250210944,65.0,645456
1790516904,30.0,1.0,0.0,126864928,65.0,648480
1790516905,30.0,0.0,0.0,168807968,65.0,650768
1790516906,30.0,1.0,0.0,214945312,65.0,654848
1790516907,30.0,2.0,0.0,131164096,65.0,656480
1790516908,30.0,0.0,0.0,173107136,65.0,656720
1790516909,30.0,6.0,0.0,219244480,65.0,657696
1790516910,30.0,0.0,0.0,256993216,65.0,658240
1790516911,25.0,2.0,0.0,127933504,65.0,655728
1790516913,15.0,1.0,0.0,153099328,65.0,647712
1790516914,4.0,0.0,0.0,182459456,65.0,633584
1790516915,8.0,1.0,0.0,232791104,69.0,612848
1790516916,61.0,1.0,0.0,129589856,94.0,617632
1790516918,95.0,6.0,0.0,200893024,131.0,597120
1790516919,94.0,10.0,0.0,227086328,131.0,613120
1790516921,93.0,5.0,0.0,224475376,131.0,674768
1790516924,86.0,20.0,1.0,185272848,132.0,676736
1790516928,96.0,9.0,0.0,186631768,132.0,674096
1790516933,95.0,4.0,0.0,245211128,132.0,675408
1790516940,97.0,7.0,0.0,254210000,131.0,642464
1790516947,91.0,12.0,0.0,225420976,132.0,600976
1790516952,91.0,19.0,0.0,120643968,131.0,595392
1790516958,89.0,17.0,0.0,212530288,130.0,606000
1790516965,84.0,16.0,0.0,124738704,130.0,533984
1790516971,87.0,17.0,0.0,240838944,130.0,539776
1790516976,91.0,14.0,0.0,164707848,130.0,547776
1790516983,98.0,1.0,0.0,139708352,130.0,552352
1790516984,72.0,0.0,0.0,236177344,130.0,552416
1790516985,54.0,2.0,0.0,282314688,130.0,552688
1790516986,14.0,0.0,0.0,185375584,129.0,552240
