t,hikari_active,tomcat_busy,pg_inflight
1790706368,0.0,1.0,0.0
1790706369,1.0,42.0,40.0
1790706370,1.0,42.0,40.0
1790706371,1.0,43.0,40.0
1790706372,2.0,43.0,40.0
1790706373,2.0,43.0,39.0
1790706374,1.0,42.0,40.0
1790706375,1.0,42.0,40.0
1790706377,1.0,42.0,40.0
1790706378,1.0,42.0,40.0
1790706379,1.0,43.0,39.0
1790706380,1.0,42.0,40.0
1790706381,1.0,42.0,40.0
1790706382,1.0,42.0,40.0
1790706383,2.0,44.0,40.0
1790706384,1.0,44.0,39.0
1790706385,2.0,44.0,40.0
1790706386,3.0,44.0,40.0
1790706387,0.0,42.0,40.0
1790706388,1.0,42.0,40.0
1790706389,0.0,44.0,39.0
1790706390,3.0,44.0,40.0
1790706391,1.0,43.0,40.0
1790706392,1.0,42.0,40.0
1790706393,0.0,42.0,40.0
1790706394,0.0,42.0,38.0
1790706395,1.0,42.0,40.0
1790706396,1.0,42.0,40.0
1790706397,3.0,44.0,40.0
1790706398,1.0,42.0,40.0
1790706399,1.0,43.0,40.0
1790706401,0.0,43.0,40.0
1790706402,3.0,43.0,40.0
1790706403,3.0,43.0,40.0
1790706404,0.0,43.0,40.0
1790706405,3.0,43.0,40.0
1790706406,1.0,42.0,40.0
1790706407,1.0,42.0,40.0
1790706408,2.0,43.0,40.0
1790706409,1.0,46.0,39.0
1790706410,1.0,42.0,40.0
1790706411,2.0,43.0,40.0
1790706412,2.0,44.0,40.0
1790706413,1.0,42.0,40.0
1790706414,0.0,43.0,40.0
1790706415,1.0,42.0,40.0
1790706416,1.0,42.0,40.0
1790706417,2.0,43.0,40.0
1790706418,2.0,43.0,40.0
1790706419,1.0,42.0,40.0
1790706421,1.0,41.0,40.0
1790706422,1.0,42.0,40.0
1790706423,1.0,42.0,40.0
1790706424,3.0,46.0,40.0
1790706425,1.0,42.0,40.0
1790706426,1.0,42.0,40.0
1790706427,1.0,42.0,40.0
1790706428,1.0,43.0,40.0
1790706429,0.0,39.0,36.0
1790706430,1.0,39.0,37.0
1790706431,0.0,38.0,37.0
1790706432,0.0,38.0,37.0
1790706433,0.0,38.0,37.0
1790706434,0.0,19.0,20.0
1790706435,1.0,2.0,0.0
1790706436,0.0,1.0,0.0
1790706437,0.0,1.0,0.0
1790706438,0.0,1.0,0.0
1790706439,2.0,3.0,0.0
1790706440,0.0,1.0,0.0
1790706441,0.0,1.0,0.0
1790706442,0.0,1.0,0.0
1790706443,0.0,1.0,0.0
1790706445,0.0,1.0,0.0
1790706446,0.0,1.0,0.0
1790706447,0.0,1.0,0.0
